model,k,sensitivity,f1,accuracy,precision,specificity
m10,1,0.5379008746355685,0.42268041237113396,0.6011080332409973,0.3481132075471698,0.6246605105920695
