model,k,sensitivity,f1,accuracy,precision,specificity
m11,1,0.21574344023323616,0.23948220064724918,0.62801741195093,0.2690909090909091,0.78164041281912
