model,k,sensitivity,f1,accuracy,precision,specificity
m3,1,0.24489795918367346,0.34355828220858897,0.7459438068856351,0.5753424657534246,0.9326453014665942
