model,k,sensitivity,f1,accuracy,precision,specificity
m4,1,0.09912536443148688,0.17458279845956354,0.7455480807281362,0.7311827956989247,0.986420423682781
