model,k,sensitivity,f1,accuracy,precision,specificity
m5,1,0.4067055393586006,0.5105215004574565,0.7882865057380293,0.6855036855036855,0.9304725692558392
