model,k,sensitivity,f1,accuracy,precision,specificity
m6,1,1.0,0.4274143302180685,0.27265532251681834,0.27179080824088747,0.0016295491580662683
