model,k,sensitivity,f1,accuracy,precision,specificity
m7,1,0.25801749271137026,0.26358897989575575,0.6086268302334784,0.2694063926940639,0.7392721347093971
