model,k,sensitivity,f1,accuracy,precision,specificity
m9,1,0.5918367346938775,0.47291788002329643,0.6418678274633953,0.3937924345295829,0.6605105920695274
