model,k,sensitivity,f1,accuracy,precision,specificity
m10,1,0.42857142857142855,0.5454545454545454,0.6666666666666666,0.75,0.875
