model,k,sensitivity,f1,accuracy,precision,specificity
m5,1,0.2857142857142857,0.36363636363636365,0.5333333333333333,0.5,0.75
