model,k,sensitivity,f1,accuracy,precision,specificity
m6,1,1.0,0.6363636363636364,0.4666666666666667,0.4666666666666667,0.0
