model,k,sensitivity,f1,accuracy,precision,specificity
m9,1,0.5714285714285714,0.6666666666666666,0.7333333333333333,0.8,0.875
