model,k,sensitivity,f1,accuracy,precision,specificity
m10,1,0.5641879393266741,0.4610036275695284,0.5329404060248853,0.3897265525172502,0.5158150851581509
