model,k,sensitivity,f1,accuracy,precision,specificity
m11,1,0.4716981132075472,0.408981555733761,0.5173542894564506,0.36098527746319364,0.5423763179237632
