model,k,sensitivity,f1,accuracy,precision,specificity
m3,1,0.15353311135775063,0.24177104573259542,0.6590700720366732,0.5684931506849316,0.9361313868613139
