model,k,sensitivity,f1,accuracy,precision,specificity
m4,1,0.23566407695153532,0.33065144043602385,0.6622134905042567,0.5539130434782609,0.8959854014598541
