model,k,sensitivity,f1,accuracy,precision,specificity
m5,1,0.4406215316315205,0.5079974408189378,0.6978388998035363,0.5996978851963746,0.8388077858880778
