model,k,sensitivity,f1,accuracy,precision,specificity
m6,1,0.9959304476507584,0.5216548784032555,0.35337262606417813,0.3533735888684694,0.0012165450121654502
