model,k,sensitivity,f1,accuracy,precision,specificity
m7,1,0.5893451720310766,0.43709699547263,0.4626064178127047,0.3473615351068469,0.39314679643146794
