model,k,sensitivity,f1,accuracy,precision,specificity
m9,1,0.48464668886422496,0.43783422459893045,0.5593975114603799,0.399268515696434,0.6003649635036497
