model,k,sensitivity,f1,accuracy,precision,specificity
m10,1,0.6072607260726073,0.4153498871331829,0.6313167259786477,0.3156089193825043,0.6379310344827587
