model,k,sensitivity,f1,accuracy,precision,specificity
m11,1,0.132013201320132,0.16736401673640164,0.7167259786476868,0.22857142857142856,0.8774954627949183
