model,k,sensitivity,f1,accuracy,precision,specificity
m3,1,0.0033003300330033004,0.006557377049180327,0.7843416370106762,0.5,0.9990925589836661
