model,k,sensitivity,f1,accuracy,precision,specificity
m4,1,0.3696369636963696,0.46960167714884693,0.8199288256227758,0.6436781609195402,0.9437386569872959
