model,k,sensitivity,f1,accuracy,precision,specificity
m5,1,0.5148514851485149,0.5831775700934578,0.8412811387900356,0.6724137931034483,0.9310344827586207
