model,k,sensitivity,f1,accuracy,precision,specificity
m6,1,0.9966996699669967,0.355503237198352,0.2206405693950178,0.2163323782234957,0.007259528130671506
