model,k,sensitivity,f1,accuracy,precision,specificity
m7,1,0.24092409240924093,0.22087745839636916,0.6334519572953736,0.20391061452513967,0.7413793103448276
