model,k,sensitivity,f1,accuracy,precision,specificity
m9,1,0.6996699669966997,0.453475935828877,0.6362989323843417,0.33544303797468356,0.6188747731397459
