model,k,sensitivity,f1,accuracy,precision,specificity
m6,1,1.0,0.5,0.3333333333333333,0.3333333333333333,0.0
