model,k,sensitivity,f1,accuracy,precision,specificity
m10,1,0.5151515151515151,0.5177664974619289,0.6724137931034483,0.5204081632653061,0.7539267015706806
