model,k,sensitivity,f1,accuracy,precision,specificity
m11,1,0.45454545454545453,0.4017857142857143,0.5379310344827586,0.36,0.581151832460733
