model,k,sensitivity,f1,accuracy,precision,specificity
m3,1,0.7272727272727273,0.6153846153846153,0.6896551724137931,0.5333333333333333,0.6701570680628273
