model,k,sensitivity,f1,accuracy,precision,specificity
m4,1,0.7474747474747475,0.6324786324786325,0.7034482758620689,0.5481481481481482,0.680628272251309
