model,k,sensitivity,f1,accuracy,precision,specificity
m5,1,0.7272727272727273,0.6728971962616822,0.7586206896551724,0.6260869565217392,0.774869109947644
