model,k,sensitivity,f1,accuracy,precision,specificity
m6,1,0.98989898989899,0.536986301369863,0.41724137931034483,0.3684210526315789,0.12041884816753927
