model,k,sensitivity,f1,accuracy,precision,specificity
m7,1,0.5454545454545454,0.437246963562753,0.5206896551724138,0.36486486486486486,0.5078534031413613
