model,k,sensitivity,f1,accuracy,precision,specificity
m9,1,0.5757575757575758,0.5507246376811594,0.6793103448275862,0.5277777777777778,0.7329842931937173
