model,k,sensitivity,f1,accuracy,precision,specificity
m11,1,0.1,0.11764705882352941,0.2857142857142857,0.14285714285714285,0.45454545454545453
