model,k,sensitivity,f1,accuracy,precision,specificity
m6,1,1.0,0.9090909090909091,0.9047619047619048,0.8333333333333334,0.8181818181818182
