model,k,sensitivity,f1,accuracy,precision,specificity
m7,1,0.1,0.11111111111111112,0.23809523809523808,0.125,0.36363636363636365
