model,k,sensitivity,f1,accuracy,precision,specificity
m9,1,0.6,0.7499999999999999,0.8095238095238095,1.0,1.0
