model,k,sensitivity,f1,accuracy,precision,specificity
m4,1,0.5,0.4,0.6,0.3333333333333333,0.6363636363636364
