model,k,sensitivity,f1,accuracy,precision,specificity
m5,1,0.5,0.5,0.7333333333333333,0.5,0.8181818181818182
