model,k,sensitivity,f1,accuracy,precision,specificity
m6,1,1.0,0.4210526315789474,0.26666666666666666,0.26666666666666666,0.0
