model,k,sensitivity,f1,accuracy,precision,specificity
m7,1,0.25,0.22222222222222224,0.5333333333333333,0.2,0.6363636363636364
