model,k,sensitivity,f1,accuracy,precision,specificity
m9,1,0.75,0.375,0.3333333333333333,0.25,0.18181818181818182
