model,k,sensitivity,f1,accuracy,precision,specificity
m10,1,0.5155582672361196,0.5663538873994639,0.551473136915078,0.6282527881040892,0.5987158908507223
