model,k,sensitivity,f1,accuracy,precision,specificity
m11,1,0.5991458206223307,0.5764602289404167,0.4998266897746967,0.5554298642533937,0.36918138041733545
