model,k,sensitivity,f1,accuracy,precision,specificity
m3,1,0.6577181208053692,0.6864056033110474,0.658578856152513,0.7177097203728362,0.6597110754414125
