model,k,sensitivity,f1,accuracy,precision,specificity
m4,1,0.8065893837705919,0.763941057497833,0.7168110918544194,0.725576289791438,0.5987158908507223
