model,k,sensitivity,f1,accuracy,precision,specificity
m5,1,0.8303843807199512,0.8036610569825805,0.7694974003466204,0.778604118993135,0.6894060995184591
