model,k,sensitivity,f1,accuracy,precision,specificity
m6,1,0.9219035997559487,0.697116493656286,0.5448873483535529,0.560459940652819,0.048956661316211875
