model,k,sensitivity,f1,accuracy,precision,specificity
m7,1,0.49298352654057354,0.5287958115183247,0.5008665511265165,0.5702187720536345,0.5112359550561798
