model,k,sensitivity,f1,accuracy,precision,specificity
m9,1,0.5027455765710799,0.5720236029156542,0.5726169844020798,0.6634460547504025,0.6645264847512039
