model,k,sensitivity,f1,accuracy,precision,specificity
m6,1,0.5,0.6666666666666666,0.9972677595628415,1.0,1.0
