model,k,sensitivity,f1,accuracy,precision,specificity
m9,1,0.0,0.0,0.9918032786885246,0.0,0.9972527472527473
