model,k,sensitivity,f1,accuracy,precision,specificity
m4,1,0.0,0.0,0.9523809523809523,0.0,0.9803921568627451
