model,k,sensitivity,f1,accuracy,precision,specificity
m5,1,0.0,0.0,0.9619047619047619,0.0,0.9901960784313726
