model,k,sensitivity,f1,accuracy,precision,specificity
m6,1,0.6666666666666666,0.36363636363636365,0.9333333333333333,0.25,0.9411764705882353
