model,k,sensitivity,f1,accuracy,precision,specificity
m10,1,0.1702127659574468,0.26666666666666666,0.8580645161290322,0.6153846153846154,0.9809885931558935
