model,k,sensitivity,f1,accuracy,precision,specificity
m11,1,0.1702127659574468,0.13445378151260506,0.667741935483871,0.1111111111111111,0.7566539923954373
