model,k,sensitivity,f1,accuracy,precision,specificity
m3,1,0.6808510638297872,0.6666666666666666,0.896774193548387,0.6530612244897959,0.935361216730038
