model,k,sensitivity,f1,accuracy,precision,specificity
m4,1,0.6595744680851063,0.6739130434782609,0.9032258064516129,0.6888888888888889,0.9467680608365019
