model,k,sensitivity,f1,accuracy,precision,specificity
m5,1,0.8297872340425532,0.6341463414634146,0.8548387096774194,0.5131578947368421,0.8593155893536122
