model,k,sensitivity,f1,accuracy,precision,specificity
m6,1,0.9787234042553191,0.5027322404371585,0.7064516129032258,0.3382352941176471,0.6577946768060836
