model,k,sensitivity,f1,accuracy,precision,specificity
m7,1,0.14893617021276595,0.1346153846153846,0.7096774193548387,0.12280701754385964,0.8098859315589354
