model,k,sensitivity,f1,accuracy,precision,specificity
m9,1,0.0851063829787234,0.14814814814814814,0.8516129032258064,0.5714285714285714,0.9885931558935361
