model,k,sensitivity,f1,accuracy,precision,specificity
m10,1,0.7068912839638842,0.6527959526183932,0.5891870424091725,0.606391439519919,0.4474428754488131
