model,k,sensitivity,f1,accuracy,precision,specificity
m10,2,0.45282633660839605,0.49929652766053245,0.5903209467237648,0.5563952212222885,0.7033114527189984
