model,k,sensitivity,f1,accuracy,precision,specificity
m10,3,0.7034842728908626,0.6522587569518978,0.5897223373394115,0.6079870490118505,0.4523752048685664
