model,k,sensitivity,f1,accuracy,precision,specificity
m10,2,0.7033114527189984,0.6533411260471459,0.5903209467237648,0.6100005456827401,0.452826336608396
