model,k,sensitivity,f1,accuracy,precision,specificity
m10,3,0.45237520486856647,0.49976139011312914,0.5897223373394115,0.5582365207030087,0.7034842728908626
