model,k,sensitivity,f1,accuracy,precision,specificity
m10,4,0.7051745012370374,0.6532947097378278,0.5907905718479293,0.6085254063286424,0.4528253968253968
