model,k,sensitivity,f1,accuracy,precision,specificity
m10,1,0.4474428754488131,0.4970438385703313,0.5891870424091725,0.5590128075069744,0.7068912839638842
