model,k,sensitivity,f1,accuracy,precision,specificity
m10,5,0.446783685064935,0.4960537339913963,0.588010475724523,0.557537390203371,0.7053653292864144
