model,k,sensitivity,f1,accuracy,precision,specificity
m10,3,0.4523752048685664,0.4997613901131291,0.5897223373394115,0.5582365207030087,0.7034842728908626
