model,k,sensitivity,f1,accuracy,precision,specificity
m10,5,0.44678368506493504,0.49605373399139635,0.588010475724523,0.557537390203371,0.7053653292864144
