model,k,sensitivity,f1,accuracy,precision,specificity
m10,4,0.4528253968253968,0.5007934613170054,0.5907905718479293,0.5601281729077657,0.7051745012370374
