model,k,sensitivity,f1,accuracy,precision,specificity
m10,2,0.452826336608396,0.4992965276605324,0.5903209467237648,0.5563952212222885,0.7033114527189984
