model,k,sensitivity,f1,accuracy,precision,specificity
m10,5,0.7053653292864144,0.6515866177952365,0.588010475724523,0.605427408412483,0.446783685064935
