model,k,sensitivity,f1,accuracy,precision,specificity
m11,2,0.4203266556080132,0.4347298197918797,0.5069242989363172,0.4501551033794772,0.578088626973974
