model,k,sensitivity,f1,accuracy,precision,specificity
m11,4,0.4232,0.4377758511979823,0.5072840820790284,0.4533915598726634,0.5769963678475549
