model,k,sensitivity,f1,accuracy,precision,specificity
m11,1,0.5797802290422158,0.562902120434111,0.5080812266887692,0.5469788985080858,0.42173841332673595
