model,k,sensitivity,f1,accuracy,precision,specificity
m11,4,0.4232,0.43777585119798235,0.5072840820790284,0.45339155987266344,0.5769963678475549
