model,k,sensitivity,f1,accuracy,precision,specificity
m11,4,0.5769963678475549,0.5614966139723586,0.5072840820790284,0.546807810114837,0.4232
