model,k,sensitivity,f1,accuracy,precision,specificity
m11,3,0.4179064655884333,0.4343600409362517,0.5069012754984574,0.4521623182030627,0.5806139307775685
