model,k,sensitivity,f1,accuracy,precision,specificity
m11,2,0.578088626973974,0.5627663646803625,0.5069242989363172,0.5482353643134876,0.42032665560801324
