model,k,sensitivity,f1,accuracy,precision,specificity
m11,1,0.4217384133267359,0.4375370197306938,0.5080812266887692,0.4545653452213273,0.5797802290422158
