model,k,sensitivity,f1,accuracy,precision,specificity
m11,5,0.574399021994583,0.5600937206159663,0.5072092554752928,0.5464836464996892,0.42635196834415584
