model,k,sensitivity,f1,accuracy,precision,specificity
m11,3,0.41790646558843336,0.43436004093625175,0.5069012754984574,0.4521623182030627,0.5806139307775685
