model,k,sensitivity,f1,accuracy,precision,specificity
m11,3,0.5806139307775685,0.5629511726023764,0.5069012754984574,0.5463313199326666,0.41790646558843336
