model,k,sensitivity,f1,accuracy,precision,specificity
m11,5,0.42635196834415584,0.4398720305661143,0.5072092554752928,0.4542776448966906,0.574399021994583
