model,k,sensitivity,f1,accuracy,precision,specificity
m13,2,0.6679081710479483,0.5890867098683767,0.5780839895013123,0.5269053349378259,0.5037552067993436
