model,k,sensitivity,f1,accuracy,precision,specificity
m13,3,0.6671447064497297,0.5886265529732544,0.5770882258138785,0.5266442919400892,0.5023488024267447
