model,k,sensitivity,f1,accuracy,precision,specificity
m13,4,0.6649493693373602,0.5874927126776986,0.5764353757158891,0.526198461631153,0.5029548399330026
