model,k,sensitivity,f1,accuracy,precision,specificity
m13,1,0.6638375960545935,0.5858925548725966,0.576155776580559,0.5243281328636135,0.5039311394531045
