model,k,sensitivity,f1,accuracy,precision,specificity
m14,1,0.6639395445451186,0.5859364017206962,0.5761672882994889,0.5243347691316774,0.5038681572455781
