model,k,sensitivity,f1,accuracy,precision,specificity
m14,4,0.6649366799482272,0.5874847946365007,0.5764296198232941,0.5261937038710649,0.5029548399330026
