model,k,sensitivity,f1,accuracy,precision,specificity
m14,2,0.669598820358977,0.5897579435276205,0.5781875949716812,0.5269286171574904,0.5025455463457735
