model,k,sensitivity,f1,accuracy,precision,specificity
m14,5,0.6645123608060236,0.5875221015407931,0.5770282326531787,0.5265196482826616,0.5044852492156078
