model,k,sensitivity,f1,accuracy,precision,specificity
m14,3,0.6671954717364267,0.5886317958134821,0.5770652023760188,0.5266210544241537,0.5022645404562786
