model,k,sensitivity,f1,accuracy,precision,specificity
m3,3,0.7185643909172651,0.7708924907952122,0.8058778836855919,0.8314405873129845,0.8786257689426313
