model,k,sensitivity,f1,accuracy,precision,specificity
m3,4,0.7176503646558441,0.769906411433426,0.8066941030880364,0.8303702061627134,0.879738479914503
