model,k,sensitivity,f1,accuracy,precision,specificity
m3,3,0.8786257689426313,0.8315939800065912,0.8058778836855919,0.7893414728939361,0.7185643909172651
