model,k,sensitivity,f1,accuracy,precision,specificity
m3,5,0.8797582507989747,0.8331360592122021,0.807689872506979,0.7912066021627775,0.7211185160783519
