model,k,sensitivity,f1,accuracy,precision,specificity
m3,2,0.7223245007046635,0.7733433018419086,0.8080535985633375,0.8321168950840293,0.8791471439852593
