model,k,sensitivity,f1,accuracy,precision,specificity
m3,1,0.8800100858346553,0.833502497661552,0.807385918865405,0.7916639100231558,0.7193869107481573
