model,k,sensitivity,f1,accuracy,precision,specificity
m3,1,0.7193869107481573,0.7715518418393819,0.807385918865405,0.8318735187175222,0.8800100858346553
