model,k,sensitivity,f1,accuracy,precision,specificity
m3,4,0.879738479914503,0.8333399499781651,0.8066941030880364,0.7915904591307628,0.7176503646558441
