model,k,sensitivity,f1,accuracy,precision,specificity
m3,5,0.7211185160783519,0.7730863006907044,0.807689872506979,0.8331259606235819,0.8797582507989747
