model,k,sensitivity,f1,accuracy,precision,specificity
m3,2,0.8791471439852593,0.8335446386678779,0.8080535985633375,0.7924397581785568,0.7223245007046635
