model,k,sensitivity,f1,accuracy,precision,specificity
m4,5,0.7454577705699009,0.7869878680060459,0.8166748208478429,0.8334183239843618,0.8759611429294687
