model,k,sensitivity,f1,accuracy,precision,specificity
m4,3,0.8753758981988541,0.8379661427821097,0.8153290049270157,0.8036228023441663,0.7432595012854122
