model,k,sensitivity,f1,accuracy,precision,specificity
m4,2,0.7457878899455315,0.7870748162589861,0.8170730303448911,0.8332009418706914,0.8761884706501711
