model,k,sensitivity,f1,accuracy,precision,specificity
m4,4,0.744677046479251,0.7848926044842929,0.8160589403401732,0.8296997296143447,0.8746149493933488
