model,k,sensitivity,f1,accuracy,precision,specificity
m4,4,0.8746149493933488,0.8393369765769932,0.8160589403401732,0.8067945682114724,0.744677046479251
