model,k,sensitivity,f1,accuracy,precision,specificity
m4,2,0.8761884706501711,0.8396623833956401,0.8170730303448911,0.8060597841879928,0.7457878899455315
