model,k,sensitivity,f1,accuracy,precision,specificity
m4,5,0.8759611429294687,0.8390991573544568,0.8166748208478429,0.8052143224192595,0.7454577705699009
