model,k,sensitivity,f1,accuracy,precision,specificity
m4,1,0.8768792746603911,0.8388721097939102,0.8154498779757794,0.8040228113440198,0.7410156200272427
