model,k,sensitivity,f1,accuracy,precision,specificity
m4,3,0.7432595012854122,0.7853396135524273,0.8153290049270157,0.8324704614118948,0.8753758981988541
