model,k,sensitivity,f1,accuracy,precision,specificity
m4,1,0.7410156200272427,0.7840599133895919,0.8154498779757794,0.8324133394348473,0.8768792746603911
