model,k,sensitivity,f1,accuracy,precision,specificity
m5,5,0.8147125155208677,0.8193320676342044,0.8367743977897373,0.8240043057050592,0.8551403347783438
