model,k,sensitivity,f1,accuracy,precision,specificity
m5,1,0.8143673698012807,0.8180853240574966,0.8362457982225906,0.8218373822890839,0.8543017135412836
