model,k,sensitivity,f1,accuracy,precision,specificity
m5,3,0.8553596488451353,0.8510671803970562,0.8366947552608556,0.8468175787901263,0.8142927700315338
