model,k,sensitivity,f1,accuracy,precision,specificity
m5,4,0.8536807694725592,0.8506859612854726,0.8353699599965465,0.8477120918908796,0.813048420676178
