model,k,sensitivity,f1,accuracy,precision,specificity
m5,3,0.8142927700315338,0.8192520863859336,0.8366947552608556,0.8242721807017319,0.8553596488451353
