model,k,sensitivity,f1,accuracy,precision,specificity
m5,2,0.8522032113714135,0.8507699584800547,0.836568126352627,0.8493415184427304,0.8177143510112873
