model,k,sensitivity,f1,accuracy,precision,specificity
m5,2,0.8177143510112873,0.819378888309309,0.836568126352627,0.8210502160859754,0.8522032113714135
