model,k,sensitivity,f1,accuracy,precision,specificity
m5,4,0.813048420676178,0.8165527149582462,0.8353699599965465,0.8200873474961673,0.8536807694725592
