model,k,sensitivity,f1,accuracy,precision,specificity
m5,1,0.8543017135412836,0.8511094829390831,0.8362457982225906,0.847941020052765,0.8143673698012807
