model,k,sensitivity,f1,accuracy,precision,specificity
m5,5,0.8551403347783438,0.8511453587250929,0.8367743977897373,0.8471875359199156,0.8147125155208677
