model,k,sensitivity,f1,accuracy,precision,specificity
m6,3,0.7547824802422631,0.7594180127289809,0.7391271814707372,0.7641108357545718,0.7203373732001064
