model,k,sensitivity,f1,accuracy,precision,specificity
m6,2,0.7621689918399579,0.7661418781255788,0.745642814385044,0.7701563996169806,0.7257145033709577
