model,k,sensitivity,f1,accuracy,precision,specificity
m6,5,0.7770570304506956,0.7697057394647624,0.7462514749474775,0.7624922376319603,0.7092466360895016
