model,k,sensitivity,f1,accuracy,precision,specificity
m6,5,0.7092466360895016,0.7174780987048276,0.7462514749474775,0.7259028723335278,0.7770570304506956
