model,k,sensitivity,f1,accuracy,precision,specificity
m6,4,0.7612895790113368,0.7634413121368456,0.7408236682303508,0.7656052431931215,0.7158749824377658
