model,k,sensitivity,f1,accuracy,precision,specificity
m6,4,0.7158749824377658,0.7134237926733026,0.7408236682303508,0.7109893316081237,0.7612895790113368
