model,k,sensitivity,f1,accuracy,precision,specificity
m6,1,0.7630879463769791,0.7670730870169028,0.7461032831422388,0.7711000700681572,0.7255228953700049
