model,k,sensitivity,f1,accuracy,precision,specificity
m6,1,0.7255228953700049,0.7209842183497264,0.7461032831422388,0.716501973800005,0.7630879463769791
