model,k,sensitivity,f1,accuracy,precision,specificity
m6,2,0.7257145033709577,0.7212047417464214,0.745642814385044,0.716750683419858,0.7621689918399579
