model,k,sensitivity,f1,accuracy,precision,specificity
m6,3,0.7203373732001064,0.7150984077494138,0.7391271814707372,0.7099350973539691,0.7547824802422631
