model,k,sensitivity,f1,accuracy,precision,specificity
m7,5,0.37466740997896764,0.4120675840445916,0.5143005151523873,0.4577625040635304,0.6305414042970604
