model,k,sensitivity,f1,accuracy,precision,specificity
m7,1,0.3785342380303744,0.4125964366986735,0.5126744025417875,0.45339493466294617,0.6233781242448757
