model,k,sensitivity,f1,accuracy,precision,specificity
m7,3,0.37827843420336105,0.4126773600806841,0.5106253165722706,0.45395826684296114,0.6208941365156743
