model,k,sensitivity,f1,accuracy,precision,specificity
m7,5,0.6305414042970604,0.586246291892422,0.5143005151523873,0.5477660900161266,0.3746674099789676
