model,k,sensitivity,f1,accuracy,precision,specificity
m7,3,0.6208941365156743,0.5805732326969563,0.5106253165722706,0.5451698676079565,0.378278434203361
