model,k,sensitivity,f1,accuracy,precision,specificity
m7,1,0.6233781242448757,0.583615296848566,0.5126744025417875,0.5486209351566762,0.3785342380303744
