model,k,sensitivity,f1,accuracy,precision,specificity
m7,4,0.6300056578864651,0.587667859027737,0.5143292946153625,0.5506621242925436,0.3733156220862657
