model,k,sensitivity,f1,accuracy,precision,specificity
m7,2,0.618836535930508,0.5797910645056279,0.5096353087443017,0.545380311226999,0.3779535556938078
