model,k,sensitivity,f1,accuracy,precision,specificity
m7,4,0.3733156220862657,0.4092582998445748,0.5143292946153625,0.452859422692552,0.6300056578864651
