model,k,sensitivity,f1,accuracy,precision,specificity
m7,3,0.378278434203361,0.4126773600806841,0.5106253165722706,0.4539582668429611,0.6208941365156743
