model,k,sensitivity,f1,accuracy,precision,specificity
m7,2,0.3779535556938078,0.4113590824293512,0.5096353087443017,0.4512422501477967,0.618836535930508
