model,k,sensitivity,f1,accuracy,precision,specificity
m8,3,0.4133961475627826,0.43236047920847154,0.5066480176820003,0.45314842578710646,0.5843436421765693
