model,k,sensitivity,f1,accuracy,precision,specificity
m8,2,0.4116631327687561,0.4305185794998108,0.5062796426762444,0.45118421418830534,0.5847433535140827
