model,k,sensitivity,f1,accuracy,precision,specificity
m8,5,0.4137546562602944,0.4338687605457902,0.5094713212651452,0.456038431460172,0.5891529285194443
