model,k,sensitivity,f1,accuracy,precision,specificity
m8,1,0.41422988300892394,0.4327138535190665,0.5089273380301147,0.4529244731494112,0.5870796255633884
