model,k,sensitivity,f1,accuracy,precision,specificity
m8,5,0.41375465626029445,0.43386876054579027,0.5094713212651452,0.45603843146017203,0.5891529285194443
