model,k,sensitivity,f1,accuracy,precision,specificity
m8,4,0.5926740847844765,0.570851898012423,0.5104670906840878,0.5505796240960102,0.4102537902494476
