model,k,sensitivity,f1,accuracy,precision,specificity
m8,3,0.5843436421765693,0.5637415828129055,0.5066480176820003,0.5445427728613569,0.4133961475627826
