model,k,sensitivity,f1,accuracy,precision,specificity
m8,5,0.5891529285194443,0.5672604297842955,0.5094713212651452,0.546936657299245,0.4137546562602944
