model,k,sensitivity,f1,accuracy,precision,specificity
m8,1,0.5870796255633884,0.5670879909882939,0.5089273380301147,0.5484130567059886,0.4142298830089239
