model,k,sensitivity,f1,accuracy,precision,specificity
m8,2,0.5847433535140827,0.5642497548882646,0.5062796426762444,0.5451440014135108,0.4116631327687561
