model,k,sensitivity,f1,accuracy,precision,specificity
m8,4,0.4102537902494476,0.4303063186169108,0.5104670906840878,0.452419854639698,0.5926740847844765
