model,k,sensitivity,f1,accuracy,precision,specificity
m8,3,0.4133961475627826,0.4323604792084715,0.5066480176820003,0.4531484257871064,0.5843436421765693
