model,k,sensitivity,f1,accuracy,precision,specificity
m9,5,0.7333375523420772,0.6670696313353003,0.6005352980113391,0.6117857205708956,0.4410080328408889
