model,k,sensitivity,f1,accuracy,precision,specificity
m9,3,0.45620100553423754,0.5091841999250847,0.6002728277386379,0.576091476091476,0.7203106369957688
