model,k,sensitivity,f1,accuracy,precision,specificity
m9,4,0.4433857432976128,0.5007356547327121,0.6015540910006619,0.5751254990970692,0.731302780746422
