model,k,sensitivity,f1,accuracy,precision,specificity
m9,1,0.7539686708761019,0.6731576454255953,0.5988799097481236,0.607992476871463,0.4109582065611752
