model,k,sensitivity,f1,accuracy,precision,specificity
m9,5,0.4410080328408889,0.5007661043772255,0.6005352980113391,0.5792574348050392,0.7333375523420772
