model,k,sensitivity,f1,accuracy,precision,specificity
m9,4,0.731302780746422,0.6684960108802882,0.6015540910006619,0.6156241179791138,0.4433857432976128
