model,k,sensitivity,f1,accuracy,precision,specificity
m9,1,0.4109582065611752,0.4809129032498342,0.5988799097481236,0.5795691202872532,0.7539686708761019
