model,k,sensitivity,f1,accuracy,precision,specificity
m9,2,0.7075019742037378,0.6592786640764507,0.6002325367223834,0.6172096740118859,0.4708802579957085
