model,k,sensitivity,f1,accuracy,precision,specificity
m9,3,0.7203106369957688,0.6628442705324329,0.6002728277386379,0.6138697552290344,0.4562010055342375
