model,k,sensitivity,f1,accuracy,precision,specificity
m9,2,0.47088025799570854,0.5164313365082017,0.6002325367223834,0.571739096921393,0.7075019742037378
