model,k,sensitivity,f1,accuracy,precision,specificity
m10,1,0.5771349862258953,0.540994189799871,0.641271442986882,0.5091130012150669,0.678343949044586
