model,k,sensitivity,f1,accuracy,precision,specificity
m11,1,0.17079889807162535,0.2271062271062271,0.574167507568113,0.33879781420765026,0.8073248407643312
