model,k,sensitivity,f1,accuracy,precision,specificity
m3,1,0.2741046831955923,0.37653736991485337,0.6675075681130171,0.6012084592145015,0.8949044585987261
