model,k,sensitivity,f1,accuracy,precision,specificity
m4,1,0.47796143250688705,0.566530612244898,0.7320887991927346,0.6953907815631263,0.8789808917197452
