model,k,sensitivity,f1,accuracy,precision,specificity
m5,1,0.5647382920110193,0.6332046332046333,0.760343087790111,0.7205623901581723,0.8734076433121019
