model,k,sensitivity,f1,accuracy,precision,specificity
m6,1,0.9972451790633609,0.536693847294292,0.3693239152371342,0.3671399594320487,0.006369426751592357
