model,k,sensitivity,f1,accuracy,precision,specificity
m7,1,0.5068870523415978,0.4188958451906659,0.48486377396569125,0.3569350145489816,0.4721337579617834
