model,k,sensitivity,f1,accuracy,precision,specificity
m9,1,0.6294765840220385,0.5719649561952441,0.6548940464177598,0.5240825688073395,0.6695859872611465
