model,k,sensitivity,f1,accuracy,precision,specificity
m10,1,0.2673598661407912,0.3896194374292432,0.3201086429333592,0.7179075738125802,0.547373841400618
