model,k,sensitivity,f1,accuracy,precision,specificity
m11,1,0.8765387833154058,0.842552702625079,0.7341158211271704,0.8111037381110374,0.12049433573635428
