model,k,sensitivity,f1,accuracy,precision,specificity
m3,1,0.9560176885383053,0.918580615525953,0.8624502861577262,0.8839650790142557,0.4593202883625129
