model,k,sensitivity,f1,accuracy,precision,specificity
m4,1,0.9676108521572846,0.9210466439135381,0.8653603647298477,0.8787582763486378,0.42481977342945415
