model,k,sensitivity,f1,accuracy,precision,specificity
m5,1,0.9692840922672403,0.9357332410291912,0.8919390823552236,0.9044273447083752,0.55870236869207
