model,k,sensitivity,f1,accuracy,precision,specificity
m6,1,0.9948607625194216,0.9065563058157264,0.8335435056746532,0.8326497949384816,0.13851699279093718
