model,k,sensitivity,f1,accuracy,precision,specificity
m7,1,0.829688060236644,0.8199858256555634,0.704336017072461,0.810507880910683,0.16426364572605562
