model,k,sensitivity,f1,accuracy,precision,specificity
m9,1,0.22038962591131828,0.3311781609195402,0.27752449316131533,0.6659443842542434,0.523686920700309
