model,k,sensitivity,f1,accuracy,precision,specificity
m10,1,0.39166666666666666,0.3022508038585209,0.5469728601252609,0.24607329842931938,0.5988857938718662
