model,k,sensitivity,f1,accuracy,precision,specificity
m11,1,0.235,0.22632423756019263,0.5974947807933194,0.21826625386996903,0.7186629526462396
