model,k,sensitivity,f1,accuracy,precision,specificity
m3,1,0.175,0.27379400260756187,0.7674321503131524,0.6287425149700598,0.9654596100278552
