model,k,sensitivity,f1,accuracy,precision,specificity
m4,1,0.44666666666666666,0.5208940719144801,0.7941544885177453,0.6247086247086248,0.9103064066852368
