model,k,sensitivity,f1,accuracy,precision,specificity
m5,1,0.54,0.5869565217391305,0.8096033402922755,0.6428571428571429,0.8997214484679665
