model,k,sensitivity,f1,accuracy,precision,specificity
m6,1,0.995,0.39973217274857714,0.251356993736952,0.2501047339757017,0.002785515320334262
