model,k,sensitivity,f1,accuracy,precision,specificity
m7,1,0.3933333333333333,0.29463171036204744,0.5281837160751566,0.23552894211576847,0.5732590529247911
