model,k,sensitivity,f1,accuracy,precision,specificity
m9,1,0.42,0.3403106009453072,0.5920668058455115,0.28603859250851305,0.6495821727019498
