model,k,sensitivity,f1,accuracy,precision,specificity
m6,1,1.0,0.2857142857142857,0.16666666666666666,0.16666666666666666,0.0
