model,k,sensitivity,f1,accuracy,precision,specificity
m10,1,0.6141607000795545,0.3564996536596629,0.4977473418633988,0.2511385816525699,0.4636533084808947
