model,k,sensitivity,f1,accuracy,precision,specificity
m11,1,0.1280827366746221,0.1625441696113074,0.7010272121102902,0.2223756906077348,0.8688257222739981
