model,k,sensitivity,f1,accuracy,precision,specificity
m3,1,0.0007955449482895784,0.0015898251192368843,0.7736529104343125,1.0,1.0
