model,k,sensitivity,f1,accuracy,precision,specificity
m4,1,0.05250596658711217,0.09734513274336283,0.7794197152640115,0.6666666666666666,0.9923112767940354
