model,k,sensitivity,f1,accuracy,precision,specificity
m5,1,0.24105011933174225,0.35647058823529415,0.8028473598846639,0.6839729119638827,0.967381174277726
