model,k,sensitivity,f1,accuracy,precision,specificity
m6,1,0.9976133651551312,0.36947554507955216,0.22868985402775274,0.22672211173386367,0.003494874184529357
