model,k,sensitivity,f1,accuracy,precision,specificity
m7,1,0.3158313444709626,0.25990180032733223,0.5925391962515769,0.22080088987764182,0.673578751164958
