model,k,sensitivity,f1,accuracy,precision,specificity
m9,1,0.6913285600636436,0.37947598253275117,0.4878356460623536,0.2615106831176648,0.4282385834109972
