model,k,sensitivity,f1,accuracy,precision,specificity
m10,1,1.0,0.1111111111111111,0.1111111111111111,0.058823529411764705,0.058823529411764705
