model,k,sensitivity,f1,accuracy,precision,specificity
m6,1,1.0,0.10526315789473684,0.05555555555555555,0.05555555555555555,0.0
