model,k,sensitivity,f1,accuracy,precision,specificity
m10,1,0.4,0.3636363636363636,0.5333333333333333,0.3333333333333333,0.6
