model,k,sensitivity,f1,accuracy,precision,specificity
m4,1,0.4,0.5,0.7333333333333333,0.6666666666666666,0.9
