model,k,sensitivity,f1,accuracy,precision,specificity
m9,1,0.4,0.3333333333333333,0.4666666666666667,0.2857142857142857,0.5
