model,k,sensitivity,f1,accuracy,precision,specificity
m10,1,0.4699292452830189,0.6079328756674295,0.5223048327137546,0.8606911447084233,0.7171052631578947
