model,k,sensitivity,f1,accuracy,precision,specificity
m11,1,0.8685141509433962,0.8279932546374368,0.7156133828996283,0.7910848549946294,0.14692982456140352
