model,k,sensitivity,f1,accuracy,precision,specificity
m3,1,0.9840801886792453,0.9014312719416689,0.8303903345724907,0.8315894369706028,0.25877192982456143
