model,k,sensitivity,f1,accuracy,precision,specificity
m4,1,0.9380896226415094,0.911225658648339,0.8559479553903345,0.8858574610244989,0.5504385964912281
