model,k,sensitivity,f1,accuracy,precision,specificity
m5,1,0.9652122641509434,0.9132496513249652,0.8554832713754646,0.8665960825833775,0.4473684210526316
