model,k,sensitivity,f1,accuracy,precision,specificity
m6,1,0.9887971698113207,0.8977516059957172,0.8224907063197026,0.8220588235294117,0.20394736842105263
