model,k,sensitivity,f1,accuracy,precision,specificity
m7,1,0.8537735849056604,0.8192362093352192,0.7030669144981413,0.7873844480696031,0.1425438596491228
