model,k,sensitivity,f1,accuracy,precision,specificity
m9,1,0.41273584905660377,0.5516154452324664,0.4711895910780669,0.831353919239905,0.6885964912280702
