model,k,sensitivity,f1,accuracy,precision,specificity
m10,1,0.0,0.0,0.7333333333333333,0.0,0.7857142857142857
