model,k,sensitivity,f1,accuracy,precision,specificity
m4,1,1.0,0.5,0.8666666666666667,0.3333333333333333,0.8571428571428571
