model,k,sensitivity,f1,accuracy,precision,specificity
m5,1,1.0,0.33333333333333337,0.7333333333333333,0.2,0.7142857142857143
