model,k,sensitivity,f1,accuracy,precision,specificity
m6,1,1.0,0.25,0.6,0.14285714285714285,0.5714285714285714
