model,k,sensitivity,f1,accuracy,precision,specificity
m7,1,0.0,0.0,0.8666666666666667,0.0,0.9285714285714286
