model,k,sensitivity,f1,accuracy,precision,specificity
m10,1,0.7339494163424124,0.6845089589476071,0.6089401180770312,0.6413089672758181,0.43770819453697535
