model,k,sensitivity,f1,accuracy,precision,specificity
m11,1,0.5238326848249028,0.5480916030534352,0.5007028394714648,0.5747065101387406,0.46902065289806794
