model,k,sensitivity,f1,accuracy,precision,specificity
m3,1,0.752431906614786,0.7566642210809488,0.7202698903570425,0.7609444171175602,0.676215856095936
