model,k,sensitivity,f1,accuracy,precision,specificity
m4,1,0.7830739299610895,0.777027027027027,0.7402305313466404,0.7710727969348659,0.681545636242505
