model,k,sensitivity,f1,accuracy,precision,specificity
m5,1,0.8083657587548638,0.8044530493707648,0.7728422828226034,0.8005780346820809,0.7241838774150566
