model,k,sensitivity,f1,accuracy,precision,specificity
m6,1,0.3959143968871595,0.43928764166216944,0.4157998313185268,0.49333333333333335,0.4430379746835443
