model,k,sensitivity,f1,accuracy,precision,specificity
m7,1,0.8224708171206225,0.6825428859737638,0.5577734045543997,0.5833045877888927,0.19520319786808793
