model,k,sensitivity,f1,accuracy,precision,specificity
m9,1,0.7198443579766537,0.683287165281625,0.6142816980601631,0.6502636203866432,0.4696868754163891
