model,k,sensitivity,f1,accuracy,precision,specificity
m10,1,0.3002070393374741,0.43129089827483635,0.5706265439029867,0.7655755015839493,0.8910696761530913
