model,k,sensitivity,f1,accuracy,precision,specificity
m11,1,0.6732919254658385,0.5981239654221077,0.5093195598472939,0.5380542686962276,0.3150147203140334
