model,k,sensitivity,f1,accuracy,precision,specificity
m3,1,0.8608695652173913,0.822389240506329,0.7983381989669885,0.7872018174933737,0.7242394504416094
