model,k,sensitivity,f1,accuracy,precision,specificity
m4,1,0.8389233954451346,0.823744663549502,0.8052997978890636,0.8091054313099042,0.7654563297350343
