model,k,sensitivity,f1,accuracy,precision,specificity
m5,1,0.8906832298136645,0.827944572748268,0.7992364697956433,0.7734627831715211,0.6908734052993131
