model,k,sensitivity,f1,accuracy,precision,specificity
m6,1,0.9838509316770186,0.7298418061741669,0.6049854030990344,0.580078125,0.1560353287536801
