model,k,sensitivity,f1,accuracy,precision,specificity
m7,1,0.6314699792960663,0.5789673500379651,0.5019088255108916,0.5345250613389415,0.34838076545632973
