model,k,sensitivity,f1,accuracy,precision,specificity
m9,1,0.2596273291925466,0.3922427275570847,0.5636649449809118,0.8017902813299232,0.9239450441609421
