model,k,sensitivity,f1,accuracy,precision,specificity
m10,1,0.3076923076923077,0.42105263157894735,0.47619047619047616,0.6666666666666666,0.75
