model,k,sensitivity,f1,accuracy,precision,specificity
m11,1,0.7692307692307693,0.7692307692307693,0.7142857142857143,0.7692307692307693,0.625
