model,k,sensitivity,f1,accuracy,precision,specificity
m4,1,0.23076923076923078,0.3529411764705882,0.47619047619047616,0.75,0.875
