model,k,sensitivity,f1,accuracy,precision,specificity
m5,1,0.8461538461538461,0.8461538461538461,0.8095238095238095,0.8461538461538461,0.75
