model,k,sensitivity,f1,accuracy,precision,specificity
m6,1,1.0,0.787878787878788,0.6666666666666666,0.65,0.125
