model,k,sensitivity,f1,accuracy,precision,specificity
m7,1,0.6923076923076923,0.7826086956521738,0.7619047619047619,0.9,0.875
