model,k,sensitivity,f1,accuracy,precision,specificity
m9,1,0.6153846153846154,0.5925925925925927,0.47619047619047616,0.5714285714285714,0.25
