model,k,sensitivity,f1,accuracy,precision,specificity
m10,1,0.18461538461538463,0.30638297872340425,0.8710443037974683,0.9,0.9962581852198317
