model,k,sensitivity,f1,accuracy,precision,specificity
m11,1,0.08205128205128205,0.11510791366906475,0.805379746835443,0.1927710843373494,0.9373246024321796
