model,k,sensitivity,f1,accuracy,precision,specificity
m3,1,0.717948717948718,0.8235294117647058,0.9525316455696202,0.9655172413793104,0.9953227315247896
