model,k,sensitivity,f1,accuracy,precision,specificity
m4,1,0.7384615384615385,0.8275862068965518,0.9525316455696202,0.9411764705882353,0.9915809167446211
