model,k,sensitivity,f1,accuracy,precision,specificity
m5,1,0.8051282051282052,0.8241469816272967,0.946993670886076,0.8440860215053764,0.9728718428437793
