model,k,sensitivity,f1,accuracy,precision,specificity
m6,1,0.8512820512820513,0.7528344671201813,0.9137658227848101,0.6747967479674797,0.9251637043966323
