model,k,sensitivity,f1,accuracy,precision,specificity
m7,1,0.06666666666666667,0.1,0.814873417721519,0.2,0.9513564078578111
