model,k,sensitivity,f1,accuracy,precision,specificity
m9,1,0.17435897435897435,0.2918454935622318,0.8694620253164557,0.8947368421052632,0.9962581852198317
