model,k,sensitivity,f1,accuracy,precision,specificity
m10,1,0.31775110549589386,0.4767772511848341,0.4529236868186323,0.9544592030360531,0.9448275862068966
