model,k,sensitivity,f1,accuracy,precision,specificity
m11,1,0.8130132659507264,0.8031201248049922,0.6873141724479683,0.7934648581997534,0.22988505747126436
