model,k,sensitivity,f1,accuracy,precision,specificity
m3,1,0.9791535060012634,0.9660330320972265,0.945986124876115,0.9532595325953259,0.825287356321839
