model,k,sensitivity,f1,accuracy,precision,specificity
m5,1,0.9772583701831965,0.9656679151061174,0.9454905847373637,0.9543491671807526,0.8298850574712644
