model,k,sensitivity,f1,accuracy,precision,specificity
m6,1,0.9879974731522426,0.929016929016929,0.8815659068384539,0.8766816143497758,0.4942528735632184
