model,k,sensitivity,f1,accuracy,precision,specificity
m7,1,0.8104864181933038,0.8011239463003434,0.6843409316154608,0.7919753086419753,0.22528735632183908
