model,k,sensitivity,f1,accuracy,precision,specificity
m9,1,0.24005053695514844,0.3821015585721468,0.39098116947472744,0.9359605911330049,0.9402298850574713
