model,k,sensitivity,f1,accuracy,precision,specificity
m10,1,0.4487726787620064,0.6109698510715583,0.4599092284417549,0.9567690557451649,0.6513761467889908
