model,k,sensitivity,f1,accuracy,precision,specificity
m11,1,0.9893276414087513,0.9663799843627835,0.9349470499243571,0.9444727457972492,0.0
