model,k,sensitivity,f1,accuracy,precision,specificity
m3,1,0.9973319103521878,0.9847207586933613,0.9707513867876955,0.9724245577523413,0.5137614678899083
