model,k,sensitivity,f1,accuracy,precision,specificity
m5,1,0.987726787620064,0.9840510366826156,0.9697428139183056,0.9804025423728814,0.6605504587155964
