model,k,sensitivity,f1,accuracy,precision,specificity
m6,1,0.9941302027748132,0.977183320220299,0.9561270801815431,0.960804538421867,0.30275229357798167
