model,k,sensitivity,f1,accuracy,precision,specificity
m7,1,0.991462113127001,0.9674563915646968,0.9369641956631367,0.9445856634468734,0.0
