model,k,sensitivity,f1,accuracy,precision,specificity
m9,1,0.3207043756670224,0.47869374751095184,0.3398890569843671,0.9434850863422292,0.6697247706422018
