model,k,sensitivity,f1,accuracy,precision,specificity
m6,1,0.0,0.0,0.4166666666666667,0.0,0.4166666666666667
