model,k,sensitivity,f1,accuracy,precision,specificity
m10,1,0.3106060606060606,0.0738073807380738,0.8273779567186713,0.04187946884576098,0.8390804597701149
