model,k,sensitivity,f1,accuracy,precision,specificity
m11,1,0.015151515151515152,0.011940298507462687,0.9444724039590673,0.009852216748768473,0.9655172413793104
