model,k,sensitivity,f1,accuracy,precision,specificity
m5,1,0.0,0.0,0.9775205502432478,0.0,0.9996568879739235
