model,k,sensitivity,f1,accuracy,precision,specificity
m6,1,1.0,0.04341391218549581,0.02415702063412179,0.022188603126575897,0.002058672156459084
