model,k,sensitivity,f1,accuracy,precision,specificity
m7,1,0.030303030303030304,0.022099447513812157,0.9406139909411173,0.017391304347826087,0.961228341053354
