model,k,sensitivity,f1,accuracy,precision,specificity
m9,1,0.3560606060606061,0.10633484162895927,0.8674719006878041,0.0625,0.8790530108080288
