model,k,sensitivity,f1,accuracy,precision,specificity
m11,1,0.3333333333333333,0.4,0.5714285714285714,0.5,0.75
