model,k,sensitivity,f1,accuracy,precision,specificity
m10,1,0.6024408284023669,0.49589041095890407,0.5667189952904239,0.42136575271598553,0.547165991902834
