model,k,sensitivity,f1,accuracy,precision,specificity
m11,1,0.4718934911242604,0.4027777777777778,0.5049712192569336,0.3513215859030837,0.5230769230769231
