model,k,sensitivity,f1,accuracy,precision,specificity
m3,1,0.7296597633136095,0.747915087187263,0.826007326007326,0.7671073094867807,0.8787449392712551
