model,k,sensitivity,f1,accuracy,precision,specificity
m4,1,0.7559171597633136,0.7632561613144137,0.8341182626896912,0.770739064856712,0.8769230769230769
