model,k,sensitivity,f1,accuracy,precision,specificity
m5,1,0.7747781065088757,0.8023745691306011,0.8649921507064364,0.8320095313741064,0.9143724696356276
