model,k,sensitivity,f1,accuracy,precision,specificity
m6,1,0.5968934911242604,0.372533179457588,0.28872318158032445,0.27075993960744843,0.12004048582995952
