model,k,sensitivity,f1,accuracy,precision,specificity
m7,1,0.2529585798816568,0.29520932239965475,0.5727367870225013,0.3544041450777202,0.7477732793522267
