model,k,sensitivity,f1,accuracy,precision,specificity
m9,1,0.6926775147928994,0.486619901273058,0.48299319727891155,0.3750500600720865,0.36821862348178136
