model,k,sensitivity,f1,accuracy,precision,specificity
m9,1,0.0,0.0,0.6666666666666666,0.0,0.6666666666666666
