model,k,sensitivity,f1,accuracy,precision,specificity
m6,1,0.0,0.0,0.9889240506329114,0.0,0.9889240506329114
