model,k,sensitivity,f1,accuracy,precision,specificity
m11,1,0.0,0.0,0.8888888888888888,0.0,0.8888888888888888
