model,k,sensitivity,f1,accuracy,precision,specificity
m10,1,0.5,0.23529411764705882,0.1875,0.15384615384615385,0.08333333333333333
