model,k,sensitivity,f1,accuracy,precision,specificity
m9,1,0.75,0.3333333333333333,0.25,0.21428571428571427,0.08333333333333333
