model,k,sensitivity,f1,accuracy,precision,specificity
m10,1,0.05731263178071689,0.1073608617594255,0.31430147565852984,0.8470254957507082,0.9734513274336283
