model,k,sensitivity,f1,accuracy,precision,specificity
m11,1,0.8138777074947288,0.7631200575125808,0.6364639360088263,0.7183217729656572,0.18141592920353983
