model,k,sensitivity,f1,accuracy,precision,specificity
m3,1,0.9775733179988499,0.9327846364883402,0.8986346710798511,0.8919202518363064,0.696165191740413
