model,k,sensitivity,f1,accuracy,precision,specificity
m4,1,0.9754648265286563,0.9329055912007332,0.8990484071162598,0.8939047953627262,0.7030481809242871
