model,k,sensitivity,f1,accuracy,precision,specificity
m5,1,0.9932911635039294,0.9308424645230825,0.8938077506550821,0.8757816461044449,0.6386430678466076
