model,k,sensitivity,f1,accuracy,precision,specificity
m6,1,0.9950162928886334,0.924241075402831,0.8826368776720452,0.8628656914893617,0.5943952802359882
