model,k,sensitivity,f1,accuracy,precision,specificity
m7,1,0.8090856814261069,0.7629462268413918,0.6382567921665977,0.7217852257181943,0.2000983284169125
