model,k,sensitivity,f1,accuracy,precision,specificity
m9,1,0.02338508721487445,0.04542069992553984,0.29278720176527373,0.7870967741935484,0.9837758112094396
