model,k,sensitivity,f1,accuracy,precision,specificity
m10,1,0.017241379310344827,0.03377110694183865,0.6331908831908832,0.8181818181818182,0.9977324263038548
