model,k,sensitivity,f1,accuracy,precision,specificity
m11,1,0.33524904214559387,0.33980582524271846,0.5156695156695157,0.34448818897637795,0.6224489795918368
