model,k,sensitivity,f1,accuracy,precision,specificity
m3,1,0.9693486590038314,0.9806201550387597,0.9857549857549858,0.9921568627450981,0.9954648526077098
