model,k,sensitivity,f1,accuracy,precision,specificity
m4,1,0.9693486590038314,0.9796708615682478,0.9850427350427351,0.9902152641878669,0.9943310657596371
