model,k,sensitivity,f1,accuracy,precision,specificity
m5,1,0.9865900383141762,0.9680451127819549,0.9757834757834758,0.9501845018450185,0.9693877551020408
