model,k,sensitivity,f1,accuracy,precision,specificity
m6,1,0.9942528735632183,0.9292748433303492,0.9437321937321937,0.8722689075630252,0.9138321995464853
