model,k,sensitivity,f1,accuracy,precision,specificity
m7,1,0.3160919540229885,0.3241650294695481,0.50997150997151,0.3326612903225806,0.6247165532879818
