model,k,sensitivity,f1,accuracy,precision,specificity
m9,1,0.0038314176245210726,0.007619047619047618,0.6289173789173789,0.6666666666666666,0.9988662131519275
