model,k,sensitivity,f1,accuracy,precision,specificity
m10,1,0.2555922258892556,0.2934736842105263,0.7082753824756607,0.3445378151260504,0.8489233223196992
