model,k,sensitivity,f1,accuracy,precision,specificity
m11,1,0.26475980931426474,0.2537785588752196,0.6309109874826148,0.24367195410057374,0.7446735786715278
