model,k,sensitivity,f1,accuracy,precision,specificity
m4,1,0.0704070407040704,0.12363168061815841,0.7633866481223922,0.5065963060686016,0.9786943146861115
