model,k,sensitivity,f1,accuracy,precision,specificity
m5,1,0.40887422075540886,0.44770126480626377,0.7608657858136301,0.49467613132209404,0.8702290076335878
