model,k,sensitivity,f1,accuracy,precision,specificity
m6,1,0.9988998899889989,0.38325712275765034,0.2379172461752434,0.23711699164345404,0.0014811438988264784
