model,k,sensitivity,f1,accuracy,precision,specificity
m7,1,0.17198386505317198,0.2021551724137931,0.6781988873435327,0.2451646628332462,0.8354790930841973
