model,k,sensitivity,f1,accuracy,precision,specificity
m9,1,0.15584891822515584,0.2261841405002661,0.7472183588317107,0.4122211445198836,0.9309559074854734
