model,k,sensitivity,f1,accuracy,precision,specificity
m10,1,0.4938650306748466,0.5901759530791789,0.6381877022653721,0.7331511839708561,0.7993150684931507
