model,k,sensitivity,f1,accuracy,precision,specificity
m11,1,0.7349693251533742,0.6175257731958763,0.5197411003236246,0.5324444444444445,0.27945205479452057
