model,k,sensitivity,f1,accuracy,precision,specificity
m3,1,0.7319018404907975,0.765602438633082,0.7635922330097087,0.8025563403969055,0.798972602739726
