model,k,sensitivity,f1,accuracy,precision,specificity
m4,1,0.7285276073619632,0.7726089785296032,0.7737864077669903,0.8223684210526315,0.8243150684931507
