model,k,sensitivity,f1,accuracy,precision,specificity
m5,1,0.8245398773006135,0.8472813238770686,0.8432038834951456,0.8713128038897893,0.864041095890411
