model,k,sensitivity,f1,accuracy,precision,specificity
m6,1,0.995398773006135,0.6904255319148936,0.529126213592233,0.5285016286644951,0.008561643835616438
