model,k,sensitivity,f1,accuracy,precision,specificity
m7,1,0.5254601226993865,0.5292754518770277,0.5069579288025889,0.5331465919701214,0.4863013698630137
