model,k,sensitivity,f1,accuracy,precision,specificity
m9,1,0.4840490797546012,0.6159250585480093,0.6815533980582524,0.8465665236051502,0.9020547945205479
