model,k,sensitivity,f1,accuracy,precision,specificity
m10,1,0.6587645159073731,0.7571473700837151,0.6234386480529023,0.8900752019311113,0.3344575604272063
