model,k,sensitivity,f1,accuracy,precision,specificity
m11,1,0.7600494743351887,0.8203968106805117,0.7034655890276758,0.8911537222043184,0.24058459808881394
