model,k,sensitivity,f1,accuracy,precision,specificity
m3,1,0.9650931079502508,0.947194496897761,0.9041146216017634,0.9299476925114216,0.4052838673412029
