model,k,sensitivity,f1,accuracy,precision,specificity
m4,1,0.9793856936714079,0.9485242737829834,0.9052779818760716,0.9195483870967742,0.29904440697020795
