model,k,sensitivity,f1,accuracy,precision,specificity
m5,1,0.9731326874184018,0.9597451883979399,0.9272593681116826,0.9467210375025068,0.5519955030916245
