model,k,sensitivity,f1,accuracy,precision,specificity
m6,1,0.9956709956709957,0.9415204678362574,0.8897869213813373,0.8929561841375485,0.023608768971332208
