model,k,sensitivity,f1,accuracy,precision,specificity
m7,1,0.890400604686319,0.8908903403231352,0.8056576047024246,0.8913806149824586,0.11242270938729623
