model,k,sensitivity,f1,accuracy,precision,specificity
m9,1,0.7146980004122861,0.7922760511882997,0.6660543717854519,0.8887464752627532,0.26812816188870153
