model,k,sensitivity,f1,accuracy,precision,specificity
m7,1,0.625,0.6666666666666666,0.6875,0.7142857142857143,0.75
