model,k,sensitivity,f1,accuracy,precision,specificity
m11,1,0.25,0.3333333333333333,0.6,0.5,0.8333333333333334
