model,k,sensitivity,f1,accuracy,precision,specificity
m7,1,0.25,0.28571428571428575,0.5,0.3333333333333333,0.6666666666666666
