model,k,sensitivity,f1,accuracy,precision,specificity
m10,1,0.5,0.5714285714285715,0.7857142857142857,0.6666666666666666,0.9
