model,k,sensitivity,f1,accuracy,precision,specificity
m11,1,0.5,0.4444444444444445,0.6428571428571429,0.4,0.7
