model,k,sensitivity,f1,accuracy,precision,specificity
m3,1,0.75,0.6666666666666665,0.7857142857142857,0.6,0.8
