model,k,sensitivity,f1,accuracy,precision,specificity
m4,1,1.0,0.8,0.8571428571428571,0.6666666666666666,0.8
