model,k,sensitivity,f1,accuracy,precision,specificity
m6,1,1.0,0.5333333333333333,0.5,0.36363636363636365,0.3
