model,k,sensitivity,f1,accuracy,precision,specificity
m10,1,0.6256895193065406,0.7117884356790677,0.589792663476874,0.8253638253638254,0.4371859296482412
