model,k,sensitivity,f1,accuracy,precision,specificity
m11,1,0.9156816390858944,0.8588322246858833,0.7562998405103668,0.8086290883785665,0.07872696817420435
