model,k,sensitivity,f1,accuracy,precision,specificity
m3,1,0.9968479117415288,0.9034101053383323,0.8274322169059011,0.8259875938622265,0.10720268006700168
