model,k,sensitivity,f1,accuracy,precision,specificity
m4,1,0.9925137903861309,0.9049757499550926,0.8312599681020734,0.8316275998679432,0.1457286432160804
