model,k,sensitivity,f1,accuracy,precision,specificity
m5,1,0.9830575256107171,0.9076027646416879,0.8379585326953748,0.8429054054054054,0.22110552763819097
