model,k,sensitivity,f1,accuracy,precision,specificity
m6,1,0.9956658786446021,0.899288256227758,0.8194577352472089,0.8199221284879948,0.07035175879396985
