model,k,sensitivity,f1,accuracy,precision,specificity
m7,1,0.9349881796690307,0.8676416819012797,0.7690590111642743,0.8093451568894953,0.06365159128978225
