model,k,sensitivity,f1,accuracy,precision,specificity
m9,1,0.6903073286052009,0.7488779653772173,0.6251993620414673,0.8183092013078,0.34840871021775544
