model,k,sensitivity,f1,accuracy,precision,specificity
m10,1,0.5343511450381679,0.6062624916722186,0.570961887477314,0.7005388760585065,0.6302281368821293
