model,k,sensitivity,f1,accuracy,precision,specificity
m11,1,0.8958700332746135,0.7322028475443929,0.5949183303085299,0.6190991478425538,0.10773130544993663
