model,k,sensitivity,f1,accuracy,precision,specificity
m3,1,0.8019181835975729,0.7785273159144892,0.717967332123412,0.7564623338257016,0.5820659062103929
