model,k,sensitivity,f1,accuracy,precision,specificity
m4,1,0.8508514386376982,0.8001104362230812,0.7372050816696915,0.7550807712350183,0.5532319391634981
