model,k,sensitivity,f1,accuracy,precision,specificity
m5,1,0.8770796633392053,0.8278219102161464,0.7744706594071386,0.7838026937204827,0.6083650190114068
