model,k,sensitivity,f1,accuracy,precision,specificity
m6,1,0.995693873556469,0.7633553421368547,0.6183908045977011,0.6189317435211096,0.0076045627376425855
