model,k,sensitivity,f1,accuracy,precision,specificity
m7,1,0.646114699549814,0.6327997699607015,0.5364791288566243,0.6200225394440271,0.35899873257287707
