model,k,sensitivity,f1,accuracy,precision,specificity
m9,1,0.5000978665100803,0.5897287939988459,0.5698729582577132,0.718503937007874,0.6828263624841572
