model,k,sensitivity,f1,accuracy,precision,specificity
m10,1,0.18811881188118812,0.21266568483063328,0.7969770621297281,0.244579945799458,0.9008624522094781
