model,k,sensitivity,f1,accuracy,precision,specificity
m11,1,0.13183949973944764,0.13543897216274092,0.7546711225884855,0.13924050632911392,0.8609406952965235
