model,k,sensitivity,f1,accuracy,precision,specificity
m3,1,0.0010422094841063053,0.002082248828735034,0.8543976910223302,1.0,1.0
