model,k,sensitivity,f1,accuracy,precision,specificity
m4,1,0.0026055237102657635,0.005192107995846313,0.8544736442351512,0.7142857142857143,0.9998221748021695
