model,k,sensitivity,f1,accuracy,precision,specificity
m5,1,0.2928608650338718,0.3682830930537352,0.8535622056813004,0.4960282436010591,0.949230906019383
