model,k,sensitivity,f1,accuracy,precision,specificity
m6,1,0.9973944762897342,0.2542507970244421,0.1471973264469087,0.1456953642384106,0.002133902373966391
