model,k,sensitivity,f1,accuracy,precision,specificity
m7,1,0.03647733194372069,0.058922558922558925,0.8301686161324624,0.15317286652078774,0.9655908242197919
