model,k,sensitivity,f1,accuracy,precision,specificity
m9,1,0.13496612819176654,0.19364485981308413,0.8361689199453137,0.3425925925925926,0.9558104383391126
