model,k,sensitivity,f1,accuracy,precision,specificity
m10,1,0.5417512096144842,0.5231743160750624,0.5647058823529412,0.5058292043136112,0.5828001968503937
