model,k,sensitivity,f1,accuracy,precision,specificity
m11,1,0.5501794911815202,0.4853366377529946,0.4856553147574819,0.43416676930656484,0.4347933070866142
