model,k,sensitivity,f1,accuracy,precision,specificity
m3,1,0.5567348212892149,0.6074074074074075,0.682765737874097,0.6682278006744099,0.782111220472441
