model,k,sensitivity,f1,accuracy,precision,specificity
m4,1,0.5785859216481973,0.6279857699474843,0.6978328173374613,0.6866086312280052,0.7918307086614174
