model,k,sensitivity,f1,accuracy,precision,specificity
m5,1,0.6755111596691119,0.7091594297886284,0.7557619539043687,0.746335575099155,0.8190206692913385
