model,k,sensitivity,f1,accuracy,precision,specificity
m6,1,0.9911034805681286,0.6130823075066377,0.44857241142070864,0.4438076600503215,0.020915354330708662
