model,k,sensitivity,f1,accuracy,precision,specificity
m7,1,0.34836897143749024,0.391578947368421,0.5228070175438596,0.4470258361706389,0.6603100393700787
