model,k,sensitivity,f1,accuracy,precision,specificity
m9,1,0.5395660995785859,0.5435961946693924,0.6006191950464397,0.5476869455006337,0.6487450787401575
