model,k,sensitivity,f1,accuracy,precision,specificity
m6,1,0.75,0.6666666666666665,0.7,0.6,0.6666666666666666
