model,k,sensitivity,f1,accuracy,precision,specificity
m9,1,0.25,0.2,0.2,0.16666666666666666,0.16666666666666666
