model,k,sensitivity,f1,accuracy,precision,specificity
m10,1,0.2,0.1111111111111111,0.36,0.07692307692307693,0.4
