model,k,sensitivity,f1,accuracy,precision,specificity
m7,1,0.6,0.42857142857142855,0.68,0.3333333333333333,0.7
