model,k,sensitivity,f1,accuracy,precision,specificity
m10,1,0.6549707602339181,0.4013437849944009,0.49480249480249483,0.28931223764933806,0.4389497833290849
