model,k,sensitivity,f1,accuracy,precision,specificity
m11,1,0.2850877192982456,0.27263194687172315,0.6066906066906067,0.261219022103148,0.7188376242671425
