model,k,sensitivity,f1,accuracy,precision,specificity
m3,1,0.0014619883040935672,0.002917578409919766,0.7416367416367416,0.6666666666666666,0.99974509304104
