model,k,sensitivity,f1,accuracy,precision,specificity
m4,1,0.005847953216374269,0.01160261058738216,0.7423927423927424,0.7272727272727273,0.99923527912312
