model,k,sensitivity,f1,accuracy,precision,specificity
m5,1,0.22514619883040934,0.32888414308595837,0.7624267624267624,0.6099009900990099,0.949783329084884
