model,k,sensitivity,f1,accuracy,precision,specificity
m6,1,0.9985380116959064,0.4106418157222306,0.25893025893025895,0.25846736045411545,0.0010196278358399185
