model,k,sensitivity,f1,accuracy,precision,specificity
m7,1,0.2675438596491228,0.26445086705202314,0.6151956151956152,0.26142857142857145,0.7364262044353811
