model,k,sensitivity,f1,accuracy,precision,specificity
m9,1,0.8581871345029239,0.4411875234874108,0.4379134379134379,0.296914516944866,0.29135865409125666
