model,k,sensitivity,f1,accuracy,precision,specificity
m10,1,0.08620689655172414,0.12195121951219515,0.9326473339569691,0.20833333333333334,0.9812067260138477
