model,k,sensitivity,f1,accuracy,precision,specificity
m11,1,0.017241379310344827,0.025316455696202528,0.9279700654817586,0.047619047619047616,0.9802176063303659
