model,k,sensitivity,f1,accuracy,precision,specificity
m3,1,0.6896551724137931,0.7017543859649122,0.9681945743685687,0.7142857142857143,0.9841740850642928
