model,k,sensitivity,f1,accuracy,precision,specificity
m4,1,0.5862068965517241,0.6355140186915887,0.9635173058933583,0.6938775510204082,0.9851632047477745
