model,k,sensitivity,f1,accuracy,precision,specificity
m5,1,0.5862068965517241,0.6476190476190475,0.9653882132834425,0.723404255319149,0.9871414441147379
