model,k,sensitivity,f1,accuracy,precision,specificity
m6,1,0.7413793103448276,0.5733333333333334,0.9401309635173059,0.4673913043478261,0.9515331355093967
