model,k,sensitivity,f1,accuracy,precision,specificity
m7,1,0.017241379310344827,0.028169014084507043,0.9354536950420954,0.07692307692307693,0.9881305637982196
