model,k,sensitivity,f1,accuracy,precision,specificity
m9,1,0.06896551724137931,0.09523809523809525,0.9289055191768008,0.15384615384615385,0.9782393669634025
