model,k,sensitivity,f1,accuracy,precision,specificity
m10,1,0.5,0.37499999999999994,0.4117647058823529,0.3,0.36363636363636365
