model,k,sensitivity,f1,accuracy,precision,specificity
m11,1,0.0,0.0,0.5882352941176471,0.0,0.9090909090909091
