model,k,sensitivity,f1,accuracy,precision,specificity
m5,1,0.3333333333333333,0.5,0.7647058823529411,1.0,1.0
