model,k,sensitivity,f1,accuracy,precision,specificity
m6,1,1.0,0.5217391304347826,0.35294117647058826,0.35294117647058826,0.0
