model,k,sensitivity,f1,accuracy,precision,specificity
m9,1,0.3333333333333333,0.25,0.29411764705882354,0.2,0.2727272727272727
