model,k,sensitivity,f1,accuracy,precision,specificity
m10,1,0.16686674669867949,0.19935460738615993,0.7213278422563335,0.2475512021371327,0.866866236017016
