model,k,sensitivity,f1,accuracy,precision,specificity
m11,1,0.33913565426170467,0.25793197900022824,0.5942842880319481,0.20810313075506445,0.6612572869072002
