model,k,sensitivity,f1,accuracy,precision,specificity
m3,1,0.1212484993997599,0.19803921568627453,0.7958317733682766,0.5401069518716578,0.972900582952576
