model,k,sensitivity,f1,accuracy,precision,specificity
m4,1,0.2581032412965186,0.35788597586350396,0.80743791339074,0.5834464043419267,0.9516306916653537
