model,k,sensitivity,f1,accuracy,precision,specificity
m5,1,0.7028811524609844,0.6409414340448824,0.8362660676400848,0.5890342052313883,0.8712777690247361
