model,k,sensitivity,f1,accuracy,precision,specificity
m6,1,0.9987995198079231,0.3442283822920976,0.20878572319980032,0.2079480129967508,0.0014179927524814874
