model,k,sensitivity,f1,accuracy,precision,specificity
m7,1,0.1608643457382953,0.17962466487935652,0.6944964432796705,0.20333839150227617,0.8345675122104932
