model,k,sensitivity,f1,accuracy,precision,specificity
m9,1,0.1368547418967587,0.17181612660135648,0.7256957444153251,0.23076923076923078,0.8802583897904522
