model,k,sensitivity,f1,accuracy,precision,specificity
m10,1,0.5556333100069979,0.3157685424537681,0.4396678065461651,0.22055555555555556,0.4044991511035654
