model,k,sensitivity,f1,accuracy,precision,specificity
m11,1,0.2988103568929321,0.26116207951070336,0.6065787331053575,0.23193916349809887,0.6999151103565365
