model,k,sensitivity,f1,accuracy,precision,specificity
m3,1,0.71518544436669,0.7487179487179487,0.888291809151604,0.7855495772482706,0.9407894736842105
