model,k,sensitivity,f1,accuracy,precision,specificity
m4,1,0.6578026592022393,0.7442596991290578,0.8948054062856212,0.8568824065633546,0.9666808149405772
