model,k,sensitivity,f1,accuracy,precision,specificity
m5,1,0.7963610916724982,0.8184106436533621,0.9177658361830321,0.841715976331361,0.9545840407470289
