model,k,sensitivity,f1,accuracy,precision,specificity
m6,1,0.9979006298110566,0.37829950921872924,0.23676925582152744,0.23338788870703764,0.005942275042444821
