model,k,sensitivity,f1,accuracy,precision,specificity
m7,1,0.27921623512946114,0.2538167938931298,0.6179775280898876,0.23265306122448978,0.7207130730050934
