model,k,sensitivity,f1,accuracy,precision,specificity
m9,1,0.5710286913925823,0.28925912796880543,0.34701188731476956,0.1936862093520057,0.27907470288624786
