model,k,sensitivity,f1,accuracy,precision,specificity
m10,1,0.4,0.4444444444444445,0.4444444444444444,0.5,0.5
