model,k,sensitivity,f1,accuracy,precision,specificity
m3,1,0.2,0.28571428571428575,0.4444444444444444,0.5,0.75
