model,k,sensitivity,f1,accuracy,precision,specificity
m5,1,0.6,0.6666666666666665,0.6666666666666666,0.75,0.75
