model,k,sensitivity,f1,accuracy,precision,specificity
m9,1,1.0,0.7142857142857143,0.5555555555555556,0.5555555555555556,0.0
