model,k,sensitivity,f1,accuracy,precision,specificity
m10,1,0.3126369612856099,0.3941975592908128,0.5398740818467995,0.5333333333333333,0.7486577181208054
