model,k,sensitivity,f1,accuracy,precision,specificity
m11,1,0.7724616508400293,0.5912776069331843,0.4886323889471843,0.4789402173913043,0.2278523489932886
