model,k,sensitivity,f1,accuracy,precision,specificity
m3,1,0.7629656683710738,0.7311865593279665,0.7313746065057712,0.7019489247311828,0.7023489932885906
