model,k,sensitivity,f1,accuracy,precision,specificity
m4,1,0.7311906501095691,0.7406585275619681,0.7548093739069605,0.7503748125937032,0.776510067114094
