model,k,sensitivity,f1,accuracy,precision,specificity
m5,1,0.8721694667640614,0.7687107677450508,0.748688352570829,0.6871942446043166,0.635234899328859
