model,k,sensitivity,f1,accuracy,precision,specificity
m6,1,0.9985390796201608,0.6487127773164076,0.4821615949632739,0.4804076612194693,0.0077181208053691275
