model,k,sensitivity,f1,accuracy,precision,specificity
m7,1,0.6994156318480643,0.5720687079910382,0.49895068205666315,0.48395248925954004,0.31476510067114094
