model,k,sensitivity,f1,accuracy,precision,specificity
m9,1,0.2954711468224982,0.3829585798816568,0.5440713536201469,0.5440484196368527,0.77248322147651
